<application>
  <component name="DefaultFont">
    <option name="FONT_FAMILY" value="Roboto Mono" />
    <option name="FONT_REGULAR_SUB_FAMILY" value="Medium" />
    <option name="FONT_BOLD_SUB_FAMILY" value="Bold" />
    <option name="LINE_SPACING" value="1.0" />
  </component>
  <component name="EditorSettings">
    <option name="USE_SOFT_WRAPS" value="" />
    <option name="TOOLTIPS_DELAY_MS" value="300" />
    <option name="IS_WHEEL_FONTCHANGE_ENABLED" value="true" />
  </component>
  <component name="InlayHintsSettings">
    <option name="disabledLanguages">
      <set>
        <option value="Groovy" />
        <option value="JAVA" />
        <option value="ObjectiveC" />
      </set>
    </option>
    <option name="lastViewedProviderKeyId" value="parameter.hints.old" />
  </component>
</application>