<application>
  <component name="GeneralSettings">
    <option name="processCloseConfirmation" value="DISCONNECT" />
    <option name="showTipsOnStartup" value="false" />
  </component>
  <component name="Registry">
    <entry key="external.system.auto.import.disabled" value="true" />
    <entry key="ide.instant.shutdown" value="false" />
    <entry key="ide.balloon.shadow.size" value="0" />
    <entry key="debugger.watches.in.variables" value="false" />
    <entry key="ide.intellij.laf.enable.animation" value="true" />
  </component>
  <component name="StatusBar">
    <option name="widgets">
      <map>
        <entry key="Encoding" value="false" />
        <entry key="Memory" value="true" />
        <entry key="ReadOnlyAttribute" value="false" />
        <entry key="SendFeedbackPanel" value="false" />
        <entry key="UserSentimentPanelNegative" value="false" />
        <entry key="UserSentimentPanelPositive" value="false" />
      </map>
    </option>
  </component>
</application>